"","date","plate"
"1","2010-10-02","00DADDY"
"2","2010-10-02","3170F400"
"3","2010-10-02","RUBMYDUB"
"4","2010-10-02","FOX1NYP"
"5","2010-10-05","88B8B8"
"6","2010-10-06","FQEML8R"
"7","2010-10-06","I32I"
"8","2010-10-09","TNY1120C"
"9","2010-10-11","NOFTCHX"
"10","2010-10-11","BAD8SS"
"11","2010-10-13","EFFNA"
"12","2010-10-14","T4T4T4T4"
"13","2010-10-14","081183A"
"14","2010-10-14","0SANCHEZ"
"15","2010-10-14","R0BINM"
"16","2010-10-14","ITZCRACK"
"17","2010-10-15","PNKIE"
"18","2010-10-15","0NY"
"19","2010-10-16","1SET1KLL"
"20","2010-10-16","RL670NME"
"21","2010-10-16","DL0"
"22","2010-10-19","911MM1"
"23","2010-10-20","FORDU"
"24","2010-10-21","TRUB100D"
"25","2010-10-21","50MEBODY"
"26","2010-10-21","FNNYER"
"27","2010-10-27","S5SS5S5S"
"28","2010-10-27","BADAAZ"
"29","2010-10-30","DAAAM"
"30","2010-11-02","0NE5"
"31","2010-11-03","LVMYNUTS"
"32","2010-11-04","FNWOW"
"33","2010-11-05","FFH00"
"34","2010-11-06","BIGFING"
"35","2010-11-06","ALFAKYU"
"36","2010-11-06","1II1I1"
"37","2010-11-09","REALCRAP"
"38","2010-11-11","VAS1344"
"39","2010-11-13","P0I50N"
"40","2010-11-16","PUSYWGN"
"41","2010-11-16","BMV2003"
"42","2010-11-16","BAD2SS"
"43","2010-11-19","55OHP"
"44","2010-11-23","2Z2Z2ZZ2"
"45","2010-11-23","NYUOI"
"46","2010-11-23","PHQTHAT"
"47","2010-11-24","LMFAO"
"48","2010-11-25","BPVAS"
"49","2010-11-27","VYVYYVYV"
"50","2010-11-27","NW911"
"51","2010-11-27","CAMLTOW"
"52","2010-11-30","M04JR"
"53","2010-11-30","BAD2SS"
"54","2010-11-30","MOEFO"
"55","2010-12-01","VAFFNCLO"
"56","2010-12-04","OI1100IO"
"57","2010-12-09","NOFATCKZ"
"58","2010-12-09","MYC00LZ"
"59","2010-12-09","LIM88888"
"60","2010-12-10","FMLYJULZ"
"61","2010-12-11","PZZOFF"
"62","2010-12-14","USMCSNPR"
"63","2010-12-14","MJ0LLNIR"
"64","2010-12-15","FENZO"
"65","2010-12-17","STUGOTS6"
"66","2010-12-17","NYCMOFO"
"67","2010-12-17","AHOSTAGE"
"68","2010-12-18","T4ISAAC"
"69","2010-12-18","FAKYU2"
"70","2010-12-18","M000C0W"
"71","2010-12-21","IROFLMAO"
"72","2010-12-22","LUVN69"
"73","2010-12-23","TN03"
"74","2010-12-25","NPH1978"
"75","2010-12-28","FTHECAT"
"76","2010-12-31","NOMORCAK"
"77","2010-12-31","1R00TS"
"78","2010-12-31","SCRWMS"
"79","2011-01-04","KRICKM"
"80","2011-01-06","THER0P"
"81","2011-01-06","MRT0DD"
"82","2011-01-06","N0RM0N"
"83","2011-01-07","P90XNY"
"84","2011-01-07","MUDS1UT"
"85","2011-01-08","DEVIL2U"
"86","2011-01-08","PECKR"
"87","2011-01-13","EFNBEAST"
"88","2011-01-15","T0RIT0"
"89","2011-01-15","M0HIT"
"90","2011-01-17","000HFA"
"91","2011-01-17","VTL5II"
"92","2011-01-21","XXXVXXX"
"93","2011-01-22","WWMWMMMW"
"94","2011-01-22","NOFATYS"
"95","2011-01-22","OOOINK"
"96","2011-01-22","XKXXKX"
"97","2011-01-22","XIK6O1"
"98","2011-01-25","4KNFST"
"99","2011-01-27","00IOIIOI"
"100","2011-01-29","NUMNUTZ"
"101","2011-02-01","Z7Z7Z7"
"102","2011-02-01","EFENZO"
"103","2011-02-01","FYOU2"
"104","2011-02-01","PEN15"
"105","2011-02-02","EFFFYOU"
"106","2011-02-08","1602327C"
"107","2011-02-08","DEERKLLR"
"108","2011-02-09","2FNSWT"
"109","2011-02-10","R00MII"
"110","2011-02-18","QISMYARS"
"111","2011-02-18","LAINPIPE"
"112","2011-02-19","NUKEM"
"113","2011-02-21","IIII111I"
"114","2011-02-23","MACH0NE"
"115","2011-02-24","5IVEO"
"116","2011-02-25","FJURSELF"
"117","2011-02-25","IIIIINW8"
"118","2011-02-25","BGPMPIN"
"119","2011-02-25","HAULAZ"
"120","2011-02-26","CHITBOXX"
"121","2011-03-01","03HD"
"122","2011-03-01","OO1OO"
"123","2011-03-02","T5833C"
"124","2011-03-03","SNOHOE"
"125","2011-03-03","MNM7N9"
"126","2011-03-03","1I1I"
"127","2011-03-08","L0C01"
"128","2011-03-09","STUGOTS5"
"129","2011-03-09","BTDTF"
"130","2011-03-10","M1LFHNTR"
"131","2011-03-15","5NATCH"
"132","2011-03-15","FIT"
"133","2011-03-15","DAMNNN"
"134","2011-03-15","FHYBRDS"
"135","2011-03-17","ST2GOTZZ"
"136","2011-03-19","USPSSY"
"137","2011-03-19","FACAR"
"138","2011-03-19","HELLEN"
"139","2011-03-19","1L1L1L"
"140","2011-03-19","FNB"
"141","2011-03-22","FATSSO"
"142","2011-03-22","GSSPOT"
"143","2011-03-23","ASHOLS"
"144","2011-03-24","RCHBIACH"
"145","2011-03-25","D0NUT"
"146","2011-03-26","EPHYOU"
"147","2011-03-26","OHDAAMN"
"148","2011-03-26","K1LLNIT"
"149","2011-03-26","OSIIIT"
"150","2011-03-29","1OVER0"
"151","2011-03-29","B10NDY"
"152","2011-03-29","FNTXS"
"153","2011-03-29","OOO5"
"154","2011-03-29","N0TCH"
"155","2011-03-30","SLIPITIN"
"156","2011-03-30","PENEZ4U2"
"157","2011-03-30","HMA1010"
"158","2011-03-30","HMA1032"
"159","2011-03-30","HMA1014"
"160","2011-03-30","HMA1046"
"161","2011-03-30","HMA1034"
"162","2011-03-31","OO11"
"163","2011-04-01","V8LMAO"
"164","2011-04-02","0GR8"
"165","2011-04-05","1200NTO"
"166","2011-04-05","SPANKEDU"
"167","2011-04-05","LIMBAUGH"
"168","2011-04-09","ZKZKZKZK"
"169","2011-04-09","ILAHOE"
"170","2011-04-09","BSNEMTP"
"171","2011-04-09","OSKUNT"
"172","2011-04-12","IOIXIOI"
"173","2011-04-12","IMSOODTF"
"174","2011-04-12","DBLE0H7"
"175","2011-04-12","PRCK13"
"176","2011-04-15","ORGAZSSM"
"177","2011-04-15","H0LLYW0D"
"178","2011-04-15","DUC1T"
"179","2011-04-15","GA80R"
"180","2011-04-15","ILUVSX"
"181","2011-04-15","2O2ONY"
"182","2011-04-15","HOVLANE"
"183","2011-04-19","IAMDTF"
"184","2011-04-19","BADASCRX"
"185","2011-04-21","911SUVR"
"186","2011-04-21","AUT0B0T"
"187","2011-04-21","WOOPAS"
"188","2011-04-22","2GRLS1CP"
"189","2011-04-22","OLDMAN0"
"190","2011-04-23","WWTTFF"
"191","2011-04-23","FATAZ9"
"192","2011-04-23","0HR218"
"193","2011-04-27","WAXQUEEN"
"194","2011-04-27","RFLMAO"
"195","2011-04-27","0VER100"
"196","2011-04-28","U1HA8TER"
"197","2011-04-28","OQOQOQ"
"198","2011-04-29","THTB10ND"
"199","2011-04-29","CANUK"
"200","2011-04-30","DILLIGAC"
"201","2011-05-04","ME0WBABY"
"202","2011-05-04","0ILG"
"203","2011-05-05","0PTO012"
"204","2011-05-05","SPOILD69"
"205","2011-05-05","O1LUV"
"206","2011-05-05","MYBONR"
"207","2011-05-06","TOSH1"
"208","2011-05-06","1DIV0"
"209","2011-05-06","ROLL0UT"
"210","2011-05-07","T6616021"
"211","2011-05-10","0MATA0"
"212","2011-05-10","FYCN"
"213","2011-05-10","AA21803"
"214","2011-05-10","IIII1I"
"215","2011-05-10","III1II"
"216","2011-05-10","JD69ME"
"217","2011-05-11","Z2Z2Z2Z2"
"218","2011-05-11","JCOO7"
"219","2011-05-12","PSSSSSSI"
"220","2011-05-12","FUN"
"221","2011-05-12","YYVYVY"
"222","2011-05-12","N03M1"
"223","2011-05-12","TB0ALN"
"224","2011-05-12","BMW65O"
"225","2011-05-13","OOO1961"
"226","2011-05-14","Z0SICK"
"227","2011-05-14","M00VE"
"228","2011-05-14","H0T07"
"229","2011-05-17","SHAGONE"
"230","2011-05-18","2FINQUIK"
"231","2011-05-18","5UKM30FF"
"232","2011-05-18","AREUDTF"
"233","2011-05-19","BADA55GT"
"234","2011-05-20","0P3NITUP"
"235","2011-05-21","SNFMYBLZ"
"236","2011-05-21","PHQU"
"237","2011-05-21","SN0MAN"
"238","2011-05-24","XKXXKXKX"
"239","2011-05-24","8B88BB8B"
"240","2011-05-24","HELONHLZ"
"241","2011-05-24","IL1ILIL1"
"242","2011-05-25","TBAGGER"
"243","2011-05-25","FO1"
"244","2011-05-26","XXKCNYXX"
"245","2011-05-26","0GRUMPY1"
"246","2011-05-26","9IIEMS"
"247","2011-05-28","1MEAN5O"
"248","2011-05-28","RTCOM"
"249","2011-05-28","IHAT3U"
"250","2011-05-30","JULAND"
"251","2011-05-30","W14O"
"252","2011-06-04","XOXNYXOX"
"253","2011-06-07","R0NE"
"254","2011-06-08","LMFAOO"
"255","2011-06-10","FLATU8"
"256","2011-06-11","BEEOTCCH"
"257","2011-06-11","BAFNGULE"
"258","2011-06-11","QQQOQO"
"259","2011-06-14","AMITAFU"
"260","2011-06-15","R00M2O6"
"261","2011-06-15","O2BRIEF"
"262","2011-06-16","EMT10N1"
"263","2011-06-16","DI77IG8F"
"264","2011-06-16","M0L0VE"
"265","2011-06-21","FONGOLE"
"266","2011-06-21","IF0NLY"
"267","2011-06-21","SICK69"
"268","2011-06-21","DAAMN"
"269","2011-06-21","NYFOP"
"270","2011-06-22","HY2HEL"
"271","2011-06-23","FR0MDAD"
"272","2011-06-24","WISEA55"
"273","2011-06-24","SMRTA55"
"274","2011-06-25","SUPV911"
"275","2011-06-28","ML0NGO"
"276","2011-06-28","I696969I"
"277","2011-06-28","IMLMFAO"
"278","2011-06-28","R0G3R"
"279","2011-06-29","2FQNFAST"
"280","2011-06-29","STOPBCHN"
"281","2011-06-29","FNICON"
"282","2011-06-30","J3WLAND"
"283","2011-07-02","INF1DEL"
"284","2011-07-06","UGOTFD"
"285","2011-07-07","FBOM"
"286","2011-07-07","PHONGOUL"
"287","2011-07-09","B10NDE1"
"288","2011-07-12","FPEACE"
"289","2011-07-12","BAD50H"
"290","2011-07-13","TREEL0VR"
"291","2011-07-13","0NT30RA"
"292","2011-07-13","TAYAB00"
"293","2011-07-13","N1TE0WL"
"294","2011-07-13","FRIGGIT"
"295","2011-07-13","INU"
"296","2011-07-15","Z0SOSICK"
"297","2011-07-16","ANOYNKDZ"
"298","2011-07-16","6T9HER"
"299","2011-07-16","LMVO"
"300","2011-07-19","2PHARTS"
"301","2011-07-19","SBMF"
"302","2011-07-22","KTC69"
"303","2011-07-22","B4D4SS"
"304","2011-07-23","FORKQQ"
"305","2011-07-26","URN8"
"306","2011-07-26","911SGT"
"307","2011-07-26","MPGLMAO"
"308","2011-07-26","TTSAAS"
"309","2011-07-27","IM0N1"
"310","2011-07-27","BIPOLA"
"311","2011-07-28","WHI10INC"
"312","2011-07-28","IEFNROCK"
"313","2011-07-28","2O51"
"314","2011-07-29","0H58WYF"
"315","2011-08-02","VAS1379"
"316","2011-08-02","24KNFAST"
"317","2011-08-05","88E88888"
"318","2011-08-05","88B88888"
"319","2011-08-06","BCHMOBL"
"320","2011-08-06","BADBCH"
"321","2011-08-06","FECKIT"
"322","2011-08-11","AHHCRAP"
"323","2011-08-11","G0NYY"
"324","2011-08-13","666DEVIL"
"325","2011-08-13","JUSTLMAO"
"326","2011-08-16","BON3R"
"327","2011-08-17","LMFAO88"
"328","2011-08-18","IMABASTR"
"329","2011-08-19","PFB3778"
"330","2011-08-20","XXXVXXX"
"331","2011-08-20","FNHARD"
"332","2011-08-23","F0RDL0RD"
"333","2011-08-27","BB88B8"
"334","2011-08-30","0LIFE0"
"335","2011-08-30","M3MXMXM3"
"336","2011-08-30","IMAMILF"
"337","2011-08-30","KSMYSS"
"338","2011-08-31","DNTFWME"
"339","2011-09-01","MMNMNM"
"340","2011-09-02","B1G0"
"341","2011-09-05","GRYGOOSE"
"342","2011-09-07","MURFFY"
"343","2011-09-07","MONO0426"
"344","2011-09-08","FYOU40"
"345","2011-09-10","K9233201"
"346","2011-09-13","BLWM3"
"347","2011-09-14","KISMYAS"
"348","2011-09-14","JOESHOE"
"349","2011-09-16","00XIV"
"350","2011-09-17","0H5H1T"
"351","2011-09-17","PD2O8"
"352","2011-09-20","CAPO02"
"353","2011-09-21","NYP9K"
"354","2011-09-23","TOI2134C"
"355","2011-09-23","H311YA"
"356","2011-09-23","OV0169"
"357","2011-09-24","FORKIT2"
"358","2011-09-24","KWIKHOE"
"359","2011-09-24","UR6IM9"
"360","2011-09-27","0TO360"
"361","2011-09-27","SF00"
"362","2011-09-27","ACCPC0"
"363","2011-09-30","NI99APLZ"
"364","2011-09-30","HI2AHATR"
"365","2011-10-01","OOGATZ"
"366","2011-10-04","004NYC"
"367","2011-10-07","OHSHHHIT"
"368","2011-10-08","007QQQ"
"369","2011-10-08","00K9"
"370","2011-10-14","T2012C"
"371","2011-10-19","0PT1MIST"
"372","2011-10-19","DANALGIA"
"373","2011-10-19","FNJETS"
"374","2011-10-20","BAMFSS"
"375","2011-10-25","LCKMYBLS"
"376","2011-10-25","BAD2SS"
"377","2011-10-26","1BDASVAN"
"378","2011-10-26","RDOG4"
"379","2011-10-26","147H0G"
"380","2011-10-27","Z370Z"
"381","2011-10-28","MWMMMMWM"
"382","2011-10-29","I11II1"
"383","2011-11-03","TARDIS4O"
"384","2011-11-03","SCO68"
"385","2011-11-03","0IIII0"
"386","2011-11-04","PUCKIT"
"387","2011-11-04","HAPYB1CH"
"388","2011-11-10","PPOMBP"
"389","2011-11-11","HAILS8N"
"390","2011-11-11","BENZ0VA"
"391","2011-11-15","YOUBADAS"
"392","2011-11-15","URINEABX"
"393","2011-11-19","BEAST00"
"394","2011-11-22","W0LFPAC1"
"395","2011-11-22","ROCK5LUT"
"396","2011-11-22","FAAQNY"
"397","2011-11-23","0N3BADMF"
"398","2011-11-24","P00HBEAR"
"399","2011-11-24","OMFGFML"
"400","2011-11-24","FFANCULO"
"401","2011-11-24","GTFO"
"402","2011-11-29","PHARTED"
"403","2011-11-29","BUSTMYAS"
"404","2011-11-30","LMAOIAM"
"405","2011-12-01","L3G10N"
"406","2011-12-01","IBO0O"
"407","2011-12-02","II1111II"
"408","2011-12-03","KS66581"
"409","2011-12-08","72126BL"
"410","2011-12-08","70442O"
"411","2011-12-08","FNFCSD"
"412","2011-12-10","VYVYVVYV"
"413","2011-12-10","BLU3BALZ"
"414","2011-12-13","00LIE"
"415","2011-12-13","OH5HIFT"
"416","2011-12-15","PRESSNYC"
"417","2011-12-20","V0DKA1"
"418","2011-12-21","SHESAHOE"
"419","2011-12-21","OO003"
"420","2011-12-21","1OSS"
"421","2011-12-22","VAS911"
"422","2011-12-22","K888888"
"423","2011-12-24","00ROYALS"
"424","2011-12-24","PERSUEIT"
"425","2011-12-26","SHMUNDIE"
"426","2011-12-28","BOATNHOE"
"427","2011-12-28","KIDZ11"
"428","2011-12-30","FLPOOOO"
"429","2011-12-31","MYPEPE"
"430","2012-01-02","0360DGRZ"
"431","2012-01-02","CHICO0"
"432","2012-01-05","FAKYOU"
"433","2012-01-06","0UTT1E"
"434","2012-01-07","FBGMONEY"
"435","2012-01-07","CUINL"
"436","2012-01-10","R00KIES"
"437","2012-01-10","AKQJI0"
"438","2012-01-13","WYTPWER"
"439","2012-01-14","YOUDTF"
"440","2012-01-14","DAMMG"
"441","2012-01-18","RATEDR69"
"442","2012-01-19","B8888B"
"443","2012-01-20","JOYJUICE"
"444","2012-01-24","00RANGE"
"445","2012-01-24","HI0FCER"
"446","2012-01-26","YX0XL0"
"447","2012-01-26","HHH888"
"448","2012-01-27","SSS5555"
"449","2012-01-28","WELHNG"
"450","2012-01-31","4KNZEXY"
"451","2012-02-01","IGOHARD2"
"452","2012-02-02","ASKCKER"
"453","2012-02-03","NYCEMT"
"454","2012-02-04","BRKMOFO"
"455","2012-02-04","NY1180"
"456","2012-02-07","MAKSUWET"
"457","2012-02-07","IWNT269U"
"458","2012-02-07","GK1O88"
"459","2012-02-10","VAS624"
"460","2012-02-14","00FRC"
"461","2012-02-14","PUSYLIQR"
"462","2012-02-14","FONGOL"
"463","2012-02-15","TBI1CH"
"464","2012-02-15","HAT3RS"
"465","2012-02-15","NEKLR"
"466","2012-02-16","CRAZB1TC"
"467","2012-02-16","O711"
"468","2012-02-17","SGT0"
"469","2012-02-17","IMSTIFF"
"470","2012-02-17","SBO1"
"471","2012-02-17","T0N1CE"
"472","2012-02-22","PITHOFF"
"473","2012-02-24","BADBICH"
"474","2012-02-25","1B1GMOFO"
"475","2012-02-25","O44"
"476","2012-02-28","FXKYOU"
"477","2012-02-28","00C5"
"478","2012-02-29","OUIJESUS"
"479","2012-03-03","OIIIOGP"
"480","2012-03-03","OGOOMBA"
"481","2012-03-03","GOOMBAO"
"482","2012-03-03","FN2RD"
"483","2012-03-03","FRACIT"
"484","2012-03-03","O72252"
"485","2012-03-06","TOB1229C"
"486","2012-03-06","MLFHNTR"
"487","2012-03-08","CBSNEWS"
"488","2012-03-09","UPPHED"
"489","2012-03-09","ETU9O1"
"490","2012-03-10","062289AA"
"491","2012-03-10","AHSIT"
"492","2012-03-10","WANA69"
"493","2012-03-13","1903A3"
"494","2012-03-13","MD86699"
"495","2012-03-13","MOFIYA"
"496","2012-03-16","XXX69XXX"
"497","2012-03-16","00HGOSH"
"498","2012-03-16","FTHEJETS"
"499","2012-03-20","060BE4U"
"500","2012-03-20","Z7777777"
"501","2012-03-20","PLZBE18"
"502","2012-03-20","MURD3RED"
"503","2012-03-21","PANTYDRP"
"504","2012-03-21","ORASLEX"
"505","2012-03-21","L000001J"
"506","2012-03-21","HALNAS"
"507","2012-03-22","VJUD0"
"508","2012-03-23","BAADAS"
"509","2012-03-24","BB88B88B"
"510","2012-03-24","EVIL69"
"511","2012-03-27","0X2A"
"512","2012-03-27","0VMAX6"
"513","2012-03-28","REDNECK0"
"514","2012-03-28","MEGABYCH"
"515","2012-03-28","HII1II"
"516","2012-03-29","T92390IC"
"517","2012-03-29","SALSHO"
"518","2012-03-29","0UC0"
"519","2012-03-30","68NDIOU1"
"520","2012-03-30","MUTIL8"
"521","2012-03-31","WDBTCHR"
"522","2012-03-31","UZIMOHO"
"523","2012-03-31","WETDCK"
"524","2012-03-31","ONOOO"
"525","2012-04-03","RUMCOLA"
"526","2012-04-03","LOWM3"
"527","2012-04-04","T11RR37C"
"528","2012-04-04","TAXICAB"
"529","2012-04-04","JVO007"
"530","2012-04-04","0BMC20"
"531","2012-04-04","MUERTA"
"532","2012-04-05","YNOT00"
"533","2012-04-05","HLUM0127"
"534","2012-04-06","JACKDNLS"
"535","2012-04-07","STROKNIT"
"536","2012-04-07","NICEAS5"
"537","2012-04-07","B88BB88B"
"538","2012-04-07","BDK00"
"539","2012-04-10","W16196OC"
"540","2012-04-10","UZMOHO"
"541","2012-04-10","00SD00"
"542","2012-04-11","PANTDRPR"
"543","2012-04-12","357COLT"
"544","2012-04-12","C00LJ"
"545","2012-04-14","URANNUS"
"546","2012-04-14","UHATING"
"547","2012-04-17","0SURAJ0"
"548","2012-04-17","GET1WET"
"549","2012-04-17","JLIT0"
"550","2012-04-18","STOOGOTS"
"551","2012-04-19","AA220689"
"552","2012-04-20","VAS60"
"553","2012-04-21","T0PTT"
"554","2012-04-24","FYREARMZ"
"555","2012-04-24","JACKDANL"
"556","2012-04-24","EMTF35"
"557","2012-04-24","DRTYPG"
"558","2012-04-24","HEYTER"
"559","2012-04-24","LMFAO01"
"560","2012-04-25","WHISKY"
"561","2012-04-25","DCKHD"
"562","2012-04-26","AWWSIIT"
"563","2012-04-27","FONGHOOL"
"564","2012-04-27","11I1I1"
"565","2012-04-28","G0JIRA"
"566","2012-04-28","MYFNOLDS"
"567","2012-04-28","SCRW48"
"568","2012-05-01","TAXIIIII"
"569","2012-05-01","OIIOIOOI"
"570","2012-05-01","HIHA8TER"
"571","2012-05-01","ASHOL"
"572","2012-05-03","US2OI2"
"573","2012-05-04","OHHSHET"
"574","2012-05-04","CAMELTOE"
"575","2012-05-09","EF0FF"
"576","2012-05-09","MOFIYA"
"577","2012-05-12","LMAOMPG"
"578","2012-05-12","24KCV0"
"579","2012-05-15","S0POGI"
"580","2012-05-16","000GAS"
"581","2012-05-16","L8TERHOE"
"582","2012-05-16","BIOTCH4"
"583","2012-05-17","PIZACHIT"
"584","2012-05-17","D00W0P44"
"585","2012-05-17","COLT45"
"586","2012-05-18","GOFRACK"
"587","2012-05-19","YOMONKEY"
"588","2012-05-19","AWDTAXI"
"589","2012-05-19","G0GOLD"
"590","2012-05-22","M00DY00"
"591","2012-05-22","UI0I"
"592","2012-05-23","UPD1CK"
"593","2012-05-23","11I111"
"594","2012-05-24","CNK80Q3"
"595","2012-05-25","KISSFANI"
"596","2012-05-26","CRZ4KNCT"
"597","2012-05-28","GR8LAY"
"598","2012-05-30","0HHP1Z"
"599","2012-05-30","GILF69"
"600","2012-05-31","BAMFVETT"
"601","2012-06-05","K7539"
"602","2012-06-06","WHOOPA55"
"603","2012-06-06","YOULLFAP"
"604","2012-06-07","11I11"
"605","2012-06-08","DINGLBRY"
"606","2012-06-08","AK47S"
"607","2012-06-09","1BDAS392"
"608","2012-06-09","ROADRGE"
"609","2012-06-09","LILIIL"
"610","2012-06-12","UEFFER"
"611","2012-06-12","KISTHISS"
"612","2012-06-12","KILASOHC"
"613","2012-06-12","EPHYU"
"614","2012-06-12","T0FFEE"
"615","2012-06-12","A55HLE"
"616","2012-06-13","MURDRD"
"617","2012-06-13","CHOOTUM"
"618","2012-06-14","M2C2O"
"619","2012-06-14","LUVA55"
"620","2012-06-14","C2M2O"
"621","2012-06-15","VAGLOVER"
"622","2012-06-15","TOX1C0J"
"623","2012-06-15","NUTSAC"
"624","2012-06-15","H14169"
"625","2012-06-15","NYPI10"
"626","2012-06-16","I111III"
"627","2012-06-16","AYOBICH"
"628","2012-06-16","FOLICE"
"629","2012-06-19","SN0WYTE"
"630","2012-06-19","KRUT0Y"
"631","2012-06-19","49728O"
"632","2012-06-20","432IOGO"
"633","2012-06-20","HGWY2HEL"
"634","2012-06-20","FLTULNT1"
"635","2012-06-20","34D4ME"
"636","2012-06-20","1O1OO"
"637","2012-06-22","00RAISER"
"638","2012-06-22","FOFFAHLE"
"639","2012-06-22","A55AUTO"
"640","2012-06-22","05987S"
"641","2012-06-23","0HY3AH"
"642","2012-06-23","NEW5O"
"643","2012-06-26","STEELFRS"
"644","2012-06-26","F4PF4P"
"645","2012-06-26","B10HZARD"
"646","2012-06-26","BADASBXR"
"647","2012-06-26","FORPLY"
"648","2012-06-27","O77OS"
"649","2012-06-29","MEANFRS"
"650","2012-06-30","SHYT2DO"
"651","2012-07-04","1IJEW"
"652","2012-07-04","0CT26"
"653","2012-07-04","EUROWHRE"
"654","2012-07-04","EPHYA"
"655","2012-07-04","1IJEWW"
"656","2012-07-07","UZI4U"
"657","2012-07-07","0YEA8MPG"
"658","2012-07-07","8TEENPLZ"
"659","2012-07-07","JSTADH2O"
"660","2012-07-07","BADAS427"
"661","2012-07-10","FAPMEMYB"
"662","2012-07-10","0RANG3"
"663","2012-07-11","PMPCADDY"
"664","2012-07-12","VAS1115"
"665","2012-07-12","IWNTMILF"
"666","2012-07-12","SKUNT"
"667","2012-07-13","NYCSEC"
"668","2012-07-13","BLESSU"
"669","2012-07-14","JUSTFAP"
"670","2012-07-14","BEYOTCHH"
"671","2012-07-14","SIXT9"
"672","2012-07-17","5S55S5S"
"673","2012-07-18","FOFFF"
"674","2012-07-19","2BAWLZ"
"675","2012-07-19","MDOI"
"676","2012-07-20","WMWWWWMW"
"677","2012-07-20","SSLMFAO"
"678","2012-07-20","TI1IT"
"679","2012-07-20","LMFAO2"
"680","2012-07-21","EMTD192"
"681","2012-07-24","KICKAS5"
"682","2012-07-26","METHHEAD"
"683","2012-07-26","I0U26O"
"684","2012-07-26","YO1O"
"685","2012-07-28","T2398"
"686","2012-07-28","ONESMF"
"687","2012-07-31","REDWH1NE"
"688","2012-08-01","LICMYBAG"
"689","2012-08-01","BVRLIQR"
"690","2012-08-01","BACIMYAZ"
"691","2012-08-01","NYCI2O"
"692","2012-08-03","00THOMAS"
"693","2012-08-03","IGOTAP"
"694","2012-08-04","NYRTRDED"
"695","2012-08-07","KIDLAW"
"696","2012-08-07","D1LL1GF"
"697","2012-08-07","DNTFWME"
"698","2012-08-07","C9232611"
"699","2012-08-07","NYMD"
"700","2012-08-07","OOUZO2"
"701","2012-08-08","CAROOOO"
"702","2012-08-08","BADAZVET"
"703","2012-08-09","NMWMWN"
"704","2012-08-14","MPGLMFAO"
"705","2012-08-14","DWIKISS"
"706","2012-08-14","MAG44"
"707","2012-08-15","ADVNLIMO"
"708","2012-08-16","NYWINO"
"709","2012-08-16","JRB12O"
"710","2012-08-16","8I484"
"711","2012-08-18","FORKUU"
"712","2012-08-18","OUZOOO"
"713","2012-08-21","CEN2999"
"714","2012-08-21","BULLSH3T"
"715","2012-08-22","NY1ABC"
"716","2012-08-22","CUNH11"
"717","2012-08-22","4L0V1E"
"718","2012-08-23","SKIPUTZM"
"719","2012-08-28","SCKMONKY"
"720","2012-08-28","LMFAOOOO"
"721","2012-08-28","THE69"
"722","2012-08-28","MPGFML"
"723","2012-08-29","WANKER"
"724","2012-08-30","EMS222"
"725","2012-08-30","0MOVE0"
"726","2012-08-30","MILFS"
"727","2012-08-31","UMADHO"
"728","2012-08-31","S16003"
"729","2012-08-31","HYFR"
"730","2012-09-01","NY9188"
"731","2012-09-01","ACK1993"
"732","2012-09-01","SMALLPP"
"733","2012-09-03","REAL5O"
"734","2012-09-03","ARMED9"
"735","2012-09-05","NYPTM"
"736","2012-09-05","G0H0ME8"
"737","2012-09-05","FNEDTF"
"738","2012-09-07","8B8888B8"
"739","2012-09-07","IHAT3MYX"
"740","2012-09-07","G0B1LS"
"741","2012-09-08","22ZZ222"
"742","2012-09-11","TOF911"
"743","2012-09-11","B0MERZ"
"744","2012-09-12","T613315M"
"745","2012-09-12","IHA8U"
"746","2012-09-13","BADAS71"
"747","2012-09-13","BCUP"
"748","2012-09-15","LMFAOXO"
"749","2012-09-15","ABCNYT9"
"750","2012-09-18","PSONKEN"
"751","2012-09-18","BISQUICK"
"752","2012-09-19","H1TMAN"
"753","2012-09-19","ABCNYT4"
"754","2012-09-19","HA8USC"
"755","2012-09-20","MD2025"
"756","2012-09-21","P3N1S"
"757","2012-09-21","NOHOEZ"
"758","2012-09-22","TW888888"
"759","2012-09-22","8B8BB88B"
"760","2012-09-25","LMAOO"
"761","2012-09-25","KXKXKXXK"
"762","2012-09-25","DAAAMNN"
"763","2012-09-25","BHULK00"
"764","2012-09-27","T18123MC"
"765","2012-09-28","ODDDOOD"
"766","2012-09-28","ELITE360"
"767","2012-09-29","042500HD"
"768","2012-10-02","911FXCKR"
"769","2012-10-04","O1O"
"770","2012-10-05","TXI4BOYS"
"771","2012-10-05","EMS"
"772","2012-10-06","M5K1LLA"
"773","2012-10-06","SH00"
"774","2012-10-08","PUKEPL8"
"775","2012-10-08","EFFIN150"
"776","2012-10-08","FCANCR"
"777","2012-10-10","5H1TNONU"
"778","2012-10-11","NYCT30PD"
"779","2012-10-13","UDUMBA55"
"780","2012-10-13","LIGUIDO"
"781","2012-10-16","O14"
"782","2012-10-17","PBANYC"
"783","2012-10-17","FMLLOW"
"784","2012-10-17","ASHLY00"
"785","2012-10-18","O4PREZ"
"786","2012-10-20","SUGEPULA"
"787","2012-10-20","JMBEEM"
"788","2012-10-20","CHUGOTZ"
"789","2012-10-20","HAT3R"
"790","2012-10-23","ALE4YOU"
"791","2012-10-23","IO876"
"792","2012-10-24","G00D"
"793","2012-10-26","WHINEO"
"794","2012-10-27","CLEAR0L"
"795","2012-10-27","5OYEAR"
"796","2012-10-27","SHO1"
"797","2012-10-27","CAPNO"
"798","2012-10-30","FAKUP"
"799","2012-10-31","PLACENTA"
"800","2012-11-03","NYCTAXI"
"801","2012-11-03","BMFHD"
"802","2012-11-06","8BB8B88"
"803","2012-11-06","LAMF"
"804","2012-11-06","UPU55Y"
"805","2012-11-08","FNU8075"
"806","2012-11-08","CAPO1942"
"807","2012-11-09","XKXKXXKX"
"808","2012-11-09","TRACKHO"
"809","2012-11-10","911NPD"
"810","2012-11-14","4KINPBLM"
"811","2012-11-15","0Z1986"
"812","2012-11-16","AA888888"
"813","2012-11-20","WILDBOYP"
"814","2012-11-20","8B88BBB8"
"815","2012-11-20","WYZA55"
"816","2012-11-22","0GAS4ME"
"817","2012-11-27","TRAMAN0N"
"818","2012-11-27","II1"
"819","2012-11-28","FOFINHO"
"820","2012-11-28","LFFL00R"
"821","2012-11-29","ADHD"
"822","2012-12-06","ODODODOD"
"823","2012-12-06","O5"
"824","2012-12-06","0LLLL0"
"825","2012-12-08","M0RENA"
"826","2012-12-08","LJ0ZJJ"
"827","2012-12-08","777OOO"
"828","2012-12-12","FNXXNUTZ"
"829","2012-12-15","KXKXKXK"
"830","2012-12-18","0SURF0"
"831","2012-12-19","AREUWET"
"832","2012-12-20","BBB8BB"
"833","2012-12-22","OZ28O"
"834","2012-12-22","IO"
"835","2012-12-25","UZIBOY"
"836","2012-12-25","CARO3"
"837","2012-12-29","RUARMED2"
"838","2012-12-29","FUFHER2"
"839","2013-01-01","CARSUQ"
"840","2013-01-05","1BADAZ4U"
"841","2013-01-05","COORS"
"842","2013-01-05","G0LD3N"
"843","2013-01-08","69AVE0"
"844","2013-01-08","SHOOT1ST"
"845","2013-01-09","51893JY"
"846","2013-01-09","OOO123"
"847","2013-01-09","BUL5HIT"
"848","2013-01-09","T5974C"
"849","2013-01-10","RYOUWET"
"850","2013-01-11","ROLLINAJ"
"851","2013-01-11","BALSONYA"
"852","2013-01-11","AKBARS"
"853","2013-01-11","FAHKEW"
"854","2013-01-12","STUGOT5"
"855","2013-01-15","WTRBORDR"
"856","2013-01-15","SXMCHN"
"857","2013-01-16","NY00008"
"858","2013-01-16","AFI0I"
"859","2013-01-18","SAMBUKAA"
"860","2013-01-19","DEMSLIE"
"861","2013-01-19","BSHWACKR"
"862","2013-01-19","IKILFISH"
"863","2013-01-21","1D1DITI"
"864","2013-01-23","GETJACKD"
"865","2013-01-24","BBYRU18"
"866","2013-01-25","1911COLT"
"867","2013-01-26","EFNBAD"
"868","2013-01-29","OHCHIT"
"869","2013-01-29","O2O212"
"870","2013-01-30","NYHCMOFO"
"871","2013-01-30","PHCKT"
"872","2013-01-30","D0DO0D"
"873","2013-01-31","SHAGLIFE"
"874","2013-02-01","8888888L"
"875","2013-02-02","RAWDHEAD"
"876","2013-02-05","SMARDAZ"
"877","2013-02-05","NUFF4ALL"
"878","2013-02-05","MYKNIPLE"
"879","2013-02-05","LOCNLOAD"
"880","2013-02-05","DWIHNTR"
"881","2013-02-06","CUNXT2D"
"882","2013-02-06","BADASV"
"883","2013-02-07","WOODHOE"
"884","2013-02-08","IN269"
"885","2013-02-08","0JILL"
"886","2013-02-09","SHAGMOBL"
"887","2013-02-09","WOLF00"
"888","2013-02-09","L0VDMB"
"889","2013-02-09","GNSNAMMO"
"890","2013-02-09","STROK3ME"
"891","2013-02-14","MISTERDK"
"892","2013-02-14","HOOKRS"
"893","2013-02-14","0CORO"
"894","2013-02-16","LOCNLODE"
"895","2013-02-18","AHHSHET"
"896","2013-02-20","CUNX2SD"
"897","2013-02-20","STUGOTSZ"
"898","2013-02-21","1TOUCH69"
"899","2013-02-21","DOEHOE"
"900","2013-02-21","HA8TR"
"901","2013-02-22","LKNLOD"
"902","2013-02-23","NGAPLEZ"
"903","2013-02-23","ILUV69IN"
"904","2013-02-26","LS1OMFG"
"905","2013-02-26","IBITU"
"906","2013-02-27","USCIA"
"907","2013-02-27","O95"
"908","2013-03-01","KYSMYRS"
"909","2013-03-01","BALSD33P"
"910","2013-03-01","AZSTMPR"
"911","2013-03-01","B5T00N"
"912","2013-03-05","FN10PIN"
"913","2013-03-05","NEGRES"
"914","2013-03-05","CRZYMF"
"915","2013-03-06","DABYTCH"
"916","2013-03-06","FATAS5"
"917","2013-03-06","HOGHO"
"918","2013-03-06","FHUKEM"
"919","2013-03-08","RANDPAUL"
"920","2013-03-08","LOKNLOWD"
"921","2013-03-08","9MM"
"922","2013-03-08","G00DX"
"923","2013-03-09","0DARK30"
"924","2013-03-09","IRELOAD"
"925","2013-03-09","BIGRACKS"
"926","2013-03-09","TEABAG"
"927","2013-03-12","05BONE"
"928","2013-03-12","GTFIV0"
"929","2013-03-13","NYPV11"
"930","2013-03-13","DULABONE"
"931","2013-03-15","0PT1CS"
"932","2013-03-15","KXKKXXXK"
"933","2013-03-15","CUL8RMF"
"934","2013-03-15","SW500M"
"935","2013-03-16","NYCJUDGE"
"936","2013-03-16","TSS3X"
"937","2013-03-16","I338"
"938","2013-03-16","MEDICI"
"939","2013-03-19","1BADAZ45"
"940","2013-03-19","SKUMBAGG"
"941","2013-03-19","PMPELO"
"942","2013-03-19","MOOBECH"
"943","2013-03-20","LAN3GRA"
"944","2013-03-20","B8B8B8BB"
"945","2013-03-20","I11III"
"946","2013-03-20","I5"
"947","2013-03-21","URABOOB"
"948","2013-03-22","SUQMADIQ"
"949","2013-03-22","PNESS"
"950","2013-03-22","LIQAMADQ"
"951","2013-03-22","DEADPREZ"
"952","2013-03-22","20I3"
"953","2013-03-23","IIIIII1I"
"954","2013-03-23","DAT4SS"
"955","2013-03-23","CYABICH"
"956","2013-03-23","U18Y3T"
"957","2013-03-26","2GRLZ1CP"
"958","2013-03-26","NYC5888"
"959","2013-03-26","FNFAAST"
"960","2013-03-26","B2631994"
"961","2013-03-26","BYELMAO"
"962","2013-03-26","BMWLMAO"
"963","2013-03-26","VBRTER"
"964","2013-03-26","M1LE0"
"965","2013-03-27","BIOTCHH"
"966","2013-03-27","LIMO83"
"967","2013-03-28","RMRDBNYC"
"968","2013-03-28","TEBAGD"
"969","2013-03-29","KUNT"
"970","2013-03-29","IX1XIX1X"
"971","2013-03-30","NYDP01"
"972","2013-03-30","GETHIGH"
"973","2013-04-02","GOATSACK"
"974","2013-04-02","FL45HME"
"975","2013-04-02","77O7"
"976","2013-04-03","WARMACH"
"977","2013-04-03","DRUGTST"
"978","2013-04-03","WTEBOY"
"979","2013-04-04","SWOLE"
"980","2013-04-04","MFMONSTA"
"981","2013-04-04","KSSMYGAS"
"982","2013-04-04","CHOOCH14"
"983","2013-04-05","JUICYV"
"984","2013-04-05","XBONER"
"985","2013-04-05","I1I1II"
"986","2013-04-06","S1MM0NS"
"987","2013-04-06","0R1GNL"
"988","2013-04-09","SKRILLEX"
"989","2013-04-10","8ADA55"
"990","2013-04-11","MPANYC"
"991","2013-04-11","FAPPIN"
"992","2013-04-12","3RDLEG"
"993","2013-04-12","SATANSON"
"994","2013-04-12","FONE"
"995","2013-04-13","YABISH"
"996","2013-04-13","LUI0IT"
"997","2013-04-13","HVABUD"
"998","2013-04-16","G370WND"
"999","2013-04-16","RAWDWG"
"1000","2013-04-16","FNLOCO"
"1001","2013-04-16","4B00G"
"1002","2013-04-17","0COLLEGE"
"1003","2013-04-17","STP0FF"
"1004","2013-04-17","LMFAOV8"
"1005","2013-04-18","0H5HIT"
"1006","2013-04-18","RICANS"
"1007","2013-04-18","PAKIBOY"
"1008","2013-04-19","PU88YWGN"
"1009","2013-04-19","BR4ZZERS"
"1010","2013-04-20","YAYO"
"1011","2013-04-20","FYOUU"
"1012","2013-04-23","YODA50"
"1013","2013-04-23","SICKBICH"
"1014","2013-04-23","AMMONYC"
"1015","2013-04-23","0USA1"
"1016","2013-04-24","GERT69"
"1017","2013-04-24","WLHNG"
"1018","2013-04-25","BOOBIESS"
"1019","2013-04-25","B8888B"
"1020","2013-04-26","STROKM3"
"1021","2013-04-26","STOOGATZ"
"1022","2013-04-27","1965KUNT"
"1023","2013-04-27","GERMAN0"
"1024","2013-04-27","B8B8B"
"1025","2013-04-30","CATSA55"
"1026","2013-04-30","B1GPP"
"1027","2013-04-30","IOIIOI"
"1028","2013-05-01","BADA22"
"1029","2013-05-01","LMAO8U"
"1030","2013-05-02","WNYC"
"1031","2013-05-03","BDAZCB"
"1032","2013-05-04","FANGOOL"
"1033","2013-05-04","BIGS00"
"1034","2013-05-04","O333"
"1035","2013-05-04","0413MD"
"1036","2013-05-07","CLSYBCH"
"1037","2013-05-07","BA11SOUT"
"1038","2013-05-08","SHESWET"
"1039","2013-05-08","RUWETT"
"1040","2013-05-10","SKIH2O"
"1041","2013-05-10","O82125"
"1042","2013-05-11","FTBSTRD"
"1043","2013-05-11","FAQYEWWW"
"1044","2013-05-11","OIOOIO"
"1045","2013-05-14","IMHUNTY"
"1046","2013-05-14","SHE69ME"
"1047","2013-05-14","CAPTDCK"
"1048","2013-05-15","G0AL1"
"1049","2013-05-16","G00B13"
"1050","2013-05-16","GOVERNOR"
"1051","2013-05-16","BALZONYA"
"1052","2013-05-17","MYGSPT"
"1053","2013-05-18","TPDWNBCH"
"1054","2013-05-18","NYCTA911"
"1055","2013-05-18","FNBLUE"
"1056","2013-05-18","7O442"
"1057","2013-05-21","KAISHAKU"
"1058","2013-05-21","DBLMAGNM"
"1059","2013-05-24","IHA8TMYX"
"1060","2013-05-24","DEDPREZ"
"1061","2013-05-27","PINKPSSY"
"1062","2013-05-27","NYPCAM"
"1063","2013-05-29","J0HN95"
"1064","2013-05-30","NPDF75"
"1065","2013-05-31","1BADHOE"
"1066","2013-05-31","EMSMEDIC"
"1067","2013-05-31","B0W1CK"
"1068","2013-05-31","EMS353"
"1069","2013-06-01","AYITI0H"
"1070","2013-06-04","JALDEAN"
"1071","2013-06-04","LWNSL0"
"1072","2013-06-06","5N0YTE"
"1073","2013-06-07","BUZZK1LL"
"1074","2013-06-08","ROFLMFAO"
"1075","2013-06-11","060IN3"
"1076","2013-06-11","OHBALZ"
"1077","2013-06-11","L78BEOCH"
"1078","2013-06-12","XNXNXNXN"
"1079","2013-06-12","45KOLT"
"1080","2013-06-13","THETAINT"
"1081","2013-06-14","1010VAS"
"1082","2013-06-14","ACBULLET"
"1083","2013-06-15","XXKXXKXX"
"1084","2013-06-15","FAUCOUGH"
"1085","2013-06-15","IAMATOOL"
"1086","2013-06-18","I111111I"
"1087","2013-06-18","A5HOLE"
"1088","2013-06-18","NYP34D"
"1089","2013-06-21","B88BB8B8"
"1090","2013-06-21","B8B8B88"
"1091","2013-06-21","BOOBIE"
"1092","2013-06-22","XKXKXKXK"
"1093","2013-06-22","R1CEISM"
"1094","2013-06-22","NOSCH1T"
"1095","2013-06-25","SPREADEM"
"1096","2013-06-25","RUOVR18"
"1097","2013-06-25","PHOKIT"
"1098","2013-06-26","VYVVXXKX"
"1099","2013-06-26","S8NSCHLD"
"1100","2013-06-26","FTHIS100"
"1101","2013-06-26","DTF2NITE"
"1102","2013-06-28","888SS88"
"1103","2013-06-28","88SS888"
"1104","2013-06-29","RRTARD"
"1105","2013-07-03","00HSNAP"
"1106","2013-07-09","FOP264"
"1107","2013-07-09","O0O0OH"
"1108","2013-07-10","STILMAO"
"1109","2013-07-10","PUSZ"
"1110","2013-07-10","POOT1E"
"1111","2013-07-11","00HARLEY"
"1112","2013-07-13","RELAXN69"
"1113","2013-07-13","MUS1C1"
"1114","2013-07-13","II111III"
"1115","2013-07-17","0000HEKE"
"1116","2013-07-17","GITTSUM"
"1117","2013-07-17","FTBSTD"
"1118","2013-07-17","A55HOL"
"1119","2013-07-18","BSGD"
"1120","2013-07-20","1IIII1"
"1121","2013-07-20","0IT2DAD"
"1122","2013-07-20","LOWHOE"
"1123","2013-07-23","IBEE6UB9"
"1124","2013-07-23","B0WSER"
"1125","2013-07-24","SCHWAGON"
"1126","2013-07-26","WHATDAFC"
"1127","2013-07-26","01QQ100"
"1128","2013-07-26","MD99422"
"1129","2013-07-26","BDAZVT"
"1130","2013-07-26","NYII"
"1131","2013-07-27","H3LLBUS"
"1132","2013-07-31","SIL0KIN"
"1133","2013-07-31","A02099"
"1134","2013-08-01","L160452"
"1135","2013-08-01","BIGAZTRK"
"1136","2013-08-02","UR0UT"
"1137","2013-08-03","ASZMANN"
"1138","2013-08-03","RUCKU"
"1139","2013-08-06","30NTREE"
"1140","2013-08-07","GRASHOE"
"1141","2013-08-07","MRBIG1"
"1142","2013-08-10","YOUR0UT"
"1143","2013-08-13","ISIS5821"
"1144","2013-08-13","CDNUTZ"
"1145","2013-08-13","SC0TTI"
"1146","2013-08-20","GPG00HCK"
"1147","2013-08-21","NYPBA112"
"1148","2013-08-21","SCPD2"
"1149","2013-08-23","DIEV3L"
"1150","2013-08-27","NBEE0N"
"1151","2013-08-27","VAS891"
"1152","2013-08-27","MD8555"
"1153","2013-08-28","NOFAQU2"
"1154","2013-08-28","FIVE0HH"
"1155","2013-08-29","S0S1KH"
"1156","2013-09-04","00X51"
"1157","2013-09-04","BOO00ST"
"1158","2013-09-06","WHOSDTF"
"1159","2013-09-06","FRIGGN"
"1160","2013-09-07","YE0NEZ"
"1161","2013-09-17","HIH8TR"
"1162","2013-09-18","1OO1OO"
"1163","2013-09-19","WTHLMAO"
"1164","2013-09-19","J0ANG3"
"1165","2013-09-19","1O111"
"1166","2013-09-20","STUGATTS"
"1167","2013-09-21","1O1O1"
"1168","2013-09-24","BOOB1E"
"1169","2013-09-25","SCOOLBUS"
"1170","2013-09-26","I1111III"
"1171","2013-09-26","TB0HN"
"1172","2013-09-27","RU69N"
"1173","2013-09-27","K00K00"
"1174","2013-09-28","11LL111"
"1175","2013-09-28","0UTAT1M3"
"1176","2013-09-28","88AA888"
"1177","2013-09-28","77ZZ777"
"1178","2013-09-28","77PP777"
"1179","2013-09-28","77BB777"
"1180","2013-09-28","RU18YT"
"1181","2013-10-01","BADA5S"
"1182","2013-10-01","0CO2"
"1183","2013-10-03","0LAF68"
"1184","2013-10-03","Z777Z"
"1185","2013-10-03","OI3"
"1186","2013-10-03","L0VEYA"
"1187","2013-10-04","XL0SX"
"1188","2013-10-05","0PT1M1ST"
"1189","2013-10-05","BALOWME"
"1190","2013-10-08","ODDODODO"
"1191","2013-10-08","DEUCHBAG"
"1192","2013-10-09","R0SE"
"1193","2013-10-10","B88B8BB"
"1194","2013-10-12","2FVKNFST"
"1195","2013-10-12","HELZYES"
"1196","2013-10-12","GR0UNDUP"
"1197","2013-10-14","FNSLOW"
"1198","2013-10-14","LOLI8U"
"1199","2013-10-18","R63059"
"1200","2013-10-19","MRLIQOR"
"1201","2013-10-19","MOBWIVE"
"1202","2013-10-19","DOUBIA"
"1203","2013-10-19","0TO100"
"1204","2013-10-22","0TO3"
"1205","2013-10-22","PHYUCKU"
"1206","2013-10-22","JAKMEOFF"
"1207","2013-10-24","0XXX0"
"1208","2013-10-26","GEICO"
"1209","2013-10-29","NOFRNKWY"
"1210","2013-10-29","1R0E"
"1211","2013-10-31","SHAGEM"
"1212","2013-10-31","O3"
"1213","2013-11-05","VAGLIFE"
"1214","2013-11-07","BALZDEP"
"1215","2013-11-07","WHODTF"
"1216","2013-11-08","TWERK4ME"
"1217","2013-11-08","0PT10NS"
"1218","2013-11-09","AHHFAQ"
"1219","2013-11-09","IBI2010"
"1220","2013-11-11","MUDRFAKR"
"1221","2013-11-11","MMIOI"
"1222","2013-11-13","IN0UTT"
"1223","2013-11-14","HOODRAT"
"1224","2013-11-14","DOPEWRAP"
"1225","2013-11-14","0HPUCK"
"1226","2013-11-15","J0K3R"
"1227","2013-11-15","FORPLA"
"1228","2013-11-15","0FXGVN"
"1229","2013-11-19","BADAZJK"
"1230","2013-11-19","BLUBLZ"
"1231","2013-11-20","YVYVYVY"
"1232","2013-11-20","OOHK1LEM"
"1233","2013-11-20","CIANY"
"1234","2013-11-21","OHKI11EM"
"1235","2013-11-22","G0GRIZ"
"1236","2013-11-23","1NF1DEL"
"1237","2013-11-23","0I0I0I"
"1238","2013-11-23","BMWMAFI4"
"1239","2013-11-23","BOOBEE"
"1240","2013-11-23","MFJETS"
"1241","2013-11-26","OOOG"
"1242","2013-11-26","SEG0LI"
"1243","2013-11-27","IIIII1I"
"1244","2013-11-27","BMWMAF14"
"1245","2013-11-27","KO10"
"1246","2013-11-28","IDNTGVAF"
"1247","2013-11-30","IIIIII"
"1248","2013-12-05","O5DCM"
"1249","2013-12-06","TAKE0FF"
"1250","2013-12-06","FBKE"
"1251","2013-12-06","B1ATCH1"
"1252","2013-12-07","0H10ST"
"1253","2013-12-07","HAULN4SS"
"1254","2013-12-10","NY7PD"
"1255","2013-12-10","9IIONY"
"1256","2013-12-10","I9"
"1257","2013-12-11","RUARMED2"
"1258","2013-12-13","MYBADAS4"
"1259","2013-12-13","K101385"
"1260","2013-12-17","R0NSLADY"
"1261","2013-12-17","BADMFRR"
"1262","2013-12-17","F0PEC"
"1263","2013-12-19","68ANIOU1"
"1264","2013-12-19","SAYTIN"
"1265","2013-12-21","55SS555"
"1266","2013-12-21","5050NY"
"1267","2013-12-21","PB080001"
"1268","2013-12-21","B4D4SS1"
"1269","2013-12-24","3OOO"
"1270","2013-12-24","SH3ZZ0"
"1271","2013-12-27","NYPLAW"
"1272","2013-12-31","WETRU"
"1273","2013-12-31","I3I7"
"1274","2013-12-31","URWET"
"1275","2014-01-03","NYPS"
"1276","2014-01-03","DTFM3"
"1277","2014-01-04","NY90PD"
"1278","2014-01-04","N0L1MT"
"1279","2014-01-04","1I71I"
"1280","2014-01-07","88B88B88"
"1281","2014-01-09","2BZY4BS"
"1282","2014-01-09","SFOI"
"1283","2014-01-10","555SS55"
"1284","2014-01-11","O1O11O"
"1285","2014-01-14","888B888B"
"1286","2014-01-14","DBIOTCH"
"1287","2014-01-14","DI6I3"
"1288","2014-01-15","68RAGT0P"
"1289","2014-01-16","B888B8"
"1290","2014-01-17","SCRWME"
"1291","2014-01-18","DBLMAG"
"1292","2014-01-18","GI3I7"
"1293","2014-01-20","40CALIBR"
"1294","2014-01-22","11I111I"
"1295","2014-01-23","OIO1010"
"1296","2014-01-28","9IIRMBR"
"1297","2014-01-28","NYCITYFC"
"1298","2014-01-28","K2000"
"1299","2014-01-28","BIERBRWR"
"1300","2014-01-29","I11111II"
"1301","2014-01-30","RUDTFM3"
"1302","2014-01-30","NYJDGE"
"1303","2014-01-30","H0W1E"
"1304","2014-01-31","Y3A0K"
"1305","2014-02-04","S1UT8US"
"1306","2014-02-04","MURDERER"
"1307","2014-02-05","NMNMNN"
"1308","2014-02-06","R65201"
"1309","2014-02-07","4CUE"
"1310","2014-02-08","UNMOLSTD"
"1311","2014-02-08","BUDWISER"
"1312","2014-02-11","VPA13"
"1313","2014-02-11","0X4655"
"1314","2014-02-11","RNGRHATR"
"1315","2014-02-11","MELSTAXI"
"1316","2014-02-12","4OREO"
"1317","2014-02-13","EURTRSH"
"1318","2014-02-13","R83409"
"1319","2014-02-14","L0WF8T"
"1320","2014-02-15","1040EZ"
"1321","2014-02-17","VAS540"
"1322","2014-02-17","4HOVLN"
"1323","2014-02-19","XTCC"
"1324","2014-02-19","MMWWMM"
"1325","2014-02-20","1SHT1KIL"
"1326","2014-02-21","SN0PR0"
"1327","2014-02-22","HPYVG9A"
"1328","2014-02-22","M0LLYX"
"1329","2014-02-22","ARMSDLR"
"1330","2014-02-25","S0D0PE"
"1331","2014-02-26","FAP2THIS"
"1332","2014-02-26","I11TII1I"
"1333","2014-02-26","HLYCHIT"
"1334","2014-02-27","PNTYDROP"
"1335","2014-02-27","FVCKVTEC"
"1336","2014-02-27","PNTYDP"
"1337","2014-02-27","LUC3R0"
"1338","2014-02-28","VAGLUVR"
"1339","2014-02-28","REDRUMJK"
"1340","2014-02-28","CAPCOM"
"1341","2014-02-28","T0NY83"
"1342","2014-03-01","RMBR91I"
"1343","2014-03-01","FD9II"
"1344","2014-03-01","FN7PIN"
"1345","2014-03-04","LUV6TY9"
"1346","2014-03-05","I7I8"
"1347","2014-03-06","WINRS0"
"1348","2014-03-07","WANKERSS"
"1349","2014-03-07","X0LEAH"
"1350","2014-03-08","BEVRFEVR"
"1351","2014-03-08","ABEO0O0"
"1352","2014-03-11","0ZZMAN"
"1353","2014-03-11","88B8BB"
"1354","2014-03-12","VAS1384"
"1355","2014-03-12","T406876"
"1356","2014-03-12","T1M8NYC"
"1357","2014-03-12","REDRUM72"
"1358","2014-03-13","D1LL1G4F"
"1359","2014-03-14","YIDNECK"
"1360","2014-03-14","911VF343"
"1361","2014-03-14","PHOKTUP"
"1362","2014-03-14","GUYYYSAC"
"1363","2014-03-14","DICNOFF"
"1364","2014-03-15","GTFOMW"
"1365","2014-03-15","LUV269U"
"1366","2014-03-15","CH1V30N"
"1367","2014-03-18","DV80N3"
"1368","2014-03-18","DILL1G4F"
"1369","2014-03-18","FAAKU"
"1370","2014-03-19","WE0UT"
"1371","2014-03-19","I8MYD8"
"1372","2014-03-20","TATAS"
"1373","2014-03-20","GETNKD"
"1374","2014-03-21","BADA5587"
"1375","2014-03-22","D1CNOFF"
"1376","2014-03-22","DATAS5"
"1377","2014-03-22","1L11L1"
"1378","2014-03-25","TWRKDTAS"
"1379","2014-03-26","THER8PST"
"1380","2014-03-27","55LMFAO"
"1381","2014-03-27","MILFLOVR"
"1382","2014-03-28","BOOZBABY"
"1383","2014-03-28","5UCKME"
"1384","2014-03-28","L0L1FE"
"1385","2014-03-28","AYLMAO"
"1386","2014-03-29","MYBISH"
"1387","2014-03-29","AWESHYT"
"1388","2014-03-29","AREU18"
"1389","2014-03-29","RID3M3"
"1390","2014-04-01","OOK1LLEM"
"1391","2014-04-01","MD3689"
"1392","2014-04-01","BE911"
"1393","2014-04-01","TRY6D9"
"1394","2014-04-01","45I3"
"1395","2014-04-01","DBLXL"
"1396","2014-04-02","P0NYB0Y"
"1397","2014-04-03","NYPATROL"
"1398","2014-04-03","LOV269"
"1399","2014-04-04","10INCHS"
"1400","2014-04-04","BETBOOP"
"1401","2014-04-04","I111II"
"1402","2014-04-08","UBETURAZ"
"1403","2014-04-08","0R10LES"
"1404","2014-04-08","0RDER66"
"1405","2014-04-10","8BBBB8"
"1406","2014-04-11","LOL0MG"
"1407","2014-04-12","TEABAGS"
"1408","2014-04-12","F8I"
"1409","2014-04-12","IBPAKN"
"1410","2014-04-15","NYPBA11"
"1411","2014-04-15","NYDOT"
"1412","2014-04-15","HAIL2V"
"1413","2014-04-16","GNHAULR"
"1414","2014-04-16","L10NESS"
"1415","2014-04-16","55S5S5"
"1416","2014-04-16","SMFH5"
"1417","2014-04-17","WANK3R"
"1418","2014-04-17","BALZ2"
"1419","2014-04-17","FNLNTC"
"1420","2014-04-18","MD719"
"1421","2014-04-18","HLSBELLS"
"1422","2014-04-18","MASBTR"
"1423","2014-04-18","G0RGES"
"1424","2014-04-19","BABYMAKR"
"1425","2014-04-22","UBUTHEAD"
"1426","2014-04-22","Z7Z7Z"
"1427","2014-04-22","POTANG"
"1428","2014-04-22","ORGEE"
"1429","2014-04-22","LOUIS911"
"1430","2014-04-22","D3ZNUTS"
"1431","2014-04-22","DAWGSTYL"
"1432","2014-04-22","WIL69U"
"1433","2014-04-22","DAMM"
"1434","2014-04-24","RACE1SM"
"1435","2014-04-24","MMNMNMMN"
"1436","2014-04-24","C00LCHIC"
"1437","2014-04-24","UNKNWN"
"1438","2014-04-24","BIT3ME"
"1439","2014-04-25","BITMEE"
"1440","2014-04-26","GOTZBALZ"
"1441","2014-04-26","JC911"
"1442","2014-04-26","ILUVMYJU"
"1443","2014-04-29","K47414"
"1444","2014-05-01","OHMYGOD"
"1445","2014-05-01","N6UNS"
"1446","2014-05-02","E4TME"
"1447","2014-05-02","OMGBCKY"
"1448","2014-05-02","IAMYUMMI"
"1449","2014-05-02","NUTBOY"
"1450","2014-05-02","FATNEZ"
"1451","2014-05-03","BLK4ME"
"1452","2014-05-06","9MMGLCK"
"1453","2014-05-06","IH8LEGS"
"1454","2014-05-06","BAN0N3"
"1455","2014-05-06","HA8NYR"
"1456","2014-05-08","SKYJCKED"
"1457","2014-05-08","MAILUSPS"
"1458","2014-05-08","SUMBCH"
"1459","2014-05-09","LILBOOTY"
"1460","2014-05-09","FNLNTC"
"1461","2014-05-10","BOOYAA55"
"1462","2014-05-10","NEGRO1"
"1463","2014-05-14","AMBIT0D"
"1464","2014-05-16","O8O2TP"
"1465","2014-05-17","H3NTAI"
"1466","2014-05-17","BLUBALZZ"
"1467","2014-05-17","BLKBICH"
"1468","2014-05-20","RREDRUM"
"1469","2014-05-20","I11B6UB9"
"1470","2014-05-21","FAAAAAQ"
"1471","2014-05-23","D0M1N8"
"1472","2014-05-23","II1I11"
"1473","2014-05-24","2BADMOFO"
"1474","2014-05-24","DAT455"
"1475","2014-05-24","0PT1MU5"
"1476","2014-05-26","KICKINSS"
"1477","2014-05-29","88888B88"
"1478","2014-05-31","FAPPER"
"1479","2014-05-31","N1PPLE"
"1480","2014-06-03","THRESOME"
"1481","2014-06-03","FTHEPOPO"
"1482","2014-06-03","S4T4N"
"1483","2014-06-04","XMASPUD"
"1484","2014-06-04","YUB6IB9"
"1485","2014-06-04","SEAC0AST"
"1486","2014-06-05","MOVEBISH"
"1487","2014-06-05","11I1II"
"1488","2014-06-07","UATHOT"
"1489","2014-06-07","GTFOOMW"
"1490","2014-06-07","GITSOM3"
"1491","2014-06-10","EMS3X"
"1492","2014-06-11","DEZNUTSS"
"1493","2014-06-11","POL1C3"
"1494","2014-06-12","POOPBUT"
"1495","2014-06-14","FYOUAC"
"1496","2014-06-17","1II1I1"
"1497","2014-06-19","G7O7D7"
"1498","2014-06-19","3O3534"
"1499","2014-06-19","957I800"
"1500","2014-06-21","TI101IT"
"1501","2014-06-24","TINAST0Y"
"1502","2014-06-24","0VTAT1ME"
"1503","2014-06-24","OMFGGO"
"1504","2014-06-24","FVKCNCR"
"1505","2014-06-24","FOPCHEF"
"1506","2014-06-25","KALL911"
"1507","2014-06-25","ICUTU"
"1508","2014-06-25","DILL4G4F"
"1509","2014-06-26","POLOHOE"
"1510","2014-06-26","AMGLMFAO"
"1511","2014-06-26","I694U2"
"1512","2014-06-27","SKREWD"
"1513","2014-06-28","MED1CARE"
"1514","2014-07-01","HOLYSHAT"
"1515","2014-07-04","R786"
"1516","2014-07-08","N1CEA55"
"1517","2014-07-08","NICEDONG"
"1518","2014-07-08","DUMBFN4"
"1519","2014-07-08","BICHN9"
"1520","2014-07-09","MNNNNNNM"
"1521","2014-07-09","III111"
"1522","2014-07-10","07ARPIL"
"1523","2014-07-10","MAHOLE"
"1524","2014-07-11","SMKMUP"
"1525","2014-07-11","FAQCUOMO"
"1526","2014-07-11","M1313"
"1527","2014-07-11","KULO"
"1528","2014-07-11","BKEMT"
"1529","2014-07-12","TEEZ2PLS"
"1530","2014-07-12","EEEEEE"
"1531","2014-07-12","CYK1LL"
"1532","2014-07-12","MAY1O"
"1533","2014-07-15","1TS0KAY"
"1534","2014-07-15","0L1V3R"
"1535","2014-07-15","AS5HOLE"
"1536","2014-07-15","ALLBALZ"
"1537","2014-07-17","SKREWYOU"
"1538","2014-07-17","R56958"
"1539","2014-07-18","V6ECTOMY"
"1540","2014-07-18","2FNFAS4U"
"1541","2014-07-18","BOTMBYCH"
"1542","2014-07-19","BVRPLSR"
"1543","2014-07-19","RMFT"
"1544","2014-07-19","HE11CAT"
"1545","2014-07-19","M3SOHRNY"
"1546","2014-07-19","OO8"
"1547","2014-07-19","AUG2O"
"1548","2014-07-22","VAL0N"
"1549","2014-07-22","188BB8BI"
"1550","2014-07-22","SMA"
"1551","2014-07-22","N0LMT"
"1552","2014-07-23","0NPOINT1"
"1553","2014-07-24","00MOGAR"
"1554","2014-07-24","11111I"
"1555","2014-07-26","OO3372"
"1556","2014-07-26","GETMOIST"
"1557","2014-07-26","BMF"
"1558","2014-07-29","BONEJOUR"
"1559","2014-07-29","MOODYMF"
"1560","2014-07-29","YUTHOT"
"1561","2014-07-30","DOUBIE"
"1562","2014-07-30","DOPEM3"
"1563","2014-07-31","DOPEUA9"
"1564","2014-08-02","URATHOT"
"1565","2014-08-02","SI0NARA"
"1566","2014-08-02","CRZTLBCH"
"1567","2014-08-02","KI55MYAZ"
"1568","2014-08-02","LPNYP"
"1569","2014-08-05","EFFNSLOW"
"1570","2014-08-06","FANGOUL"
"1571","2014-08-06","1I1II1"
"1572","2014-08-07","DOMIN8ME"
"1573","2014-08-08","NOCHAPA"
"1574","2014-08-08","MAYIO"
"1575","2014-08-09","0FF2LBI"
"1576","2014-08-12","XXXXXKXX"
"1577","2014-08-12","888B88B8"
"1578","2014-08-12","NOFXGIVN"
"1579","2014-08-12","IPULLOUT"
"1580","2014-08-12","I7I"
"1581","2014-08-12","AHJ2288"
"1582","2014-08-13","8O3HM"
"1583","2014-08-13","PIEMOY"
"1584","2014-08-14","HWYPTRL"
"1585","2014-08-15","B8B8BBB8"
"1586","2014-08-15","0UT1N5"
"1587","2014-08-15","UPS"
"1588","2014-08-16","4SATAN"
"1589","2014-08-19","FAPFAPP"
"1590","2014-08-20","WHATHEF"
"1591","2014-08-20","0DRK30"
"1592","2014-08-21","SCRUYOU2"
"1593","2014-08-21","SCPDHWY"
"1594","2014-08-21","AYYLMAO"
"1595","2014-08-21","ONMETH"
"1596","2014-08-21","ECW103"
"1597","2014-08-21","ECW102"
"1598","2014-08-21","ECW104"
"1599","2014-08-22","MNKYBUT"
"1600","2014-08-22","B00STI"
"1601","2014-08-23","LSLMFAO"
"1602","2014-08-26","OEMCERT"
"1603","2014-08-26","TA1NOS"
"1604","2014-08-26","ADD1CT"
"1605","2014-08-28","Z7Z7ZZ7"
"1606","2014-08-28","KXXKXK"
"1607","2014-08-29","NYCOURTS"
"1608","2014-08-30","BB8B8BB"
"1609","2014-09-01","SMURFING"
"1610","2014-09-01","SCRAMHOE"
"1611","2014-09-01","D3ATHBAT"
"1612","2014-09-01","H3NTA1"
"1613","2014-09-03","OII11IIO"
"1614","2014-09-03","FNMUDDER"
"1615","2014-09-04","NYMMMNNM"
"1616","2014-09-04","AMPUT"
"1617","2014-09-04","HPOS"
"1618","2014-09-05","WIT3GRL"
"1619","2014-09-05","TIEMEUP"
"1620","2014-09-05","RAMITMF"
"1621","2014-09-05","PPS9MM"
"1622","2014-09-05","KISSMYK"
"1623","2014-09-05","IDGAS"
"1624","2014-09-05","BOUCHE"
"1625","2014-09-06","XXKXKX6"
"1626","2014-09-06","NUTSSS"
"1627","2014-09-09","R3880"
"1628","2014-09-10","888B8888"
"1629","2014-09-10","REDH0T1"
"1630","2014-09-11","00MYG"
"1631","2014-09-16","FCUKGAS"
"1632","2014-09-16","CERTOEM"
"1633","2014-09-16","BFDD"
"1634","2014-09-17","7I8"
"1635","2014-09-18","XTASY"
"1636","2014-09-18","N0TRU2"
"1637","2014-09-19","0UTLAW1"
"1638","2014-09-20","1H0T69SS"
"1639","2014-09-20","O786"
"1640","2014-09-20","HMH2054"
"1641","2014-09-23","TURDMUTZ"
"1642","2014-09-24","NOFXGVN"
"1643","2014-09-24","I957"
"1644","2014-09-25","W0FF0RD"
"1645","2014-09-30","0ILMAN1"
"1646","2014-09-30","O888OO"
