,plate
109215,WHUTEVA
89251,JETWAY
109308,MAGNUS5
590,M00DY00
1233,SEAGAL
46911,MARLENE
190,WWTTFF
112781,AYAPPA
116142,NANUET76
45458,GIZMOJR
9732,APTYP
851,BALSONYA
65470,MOTOROLA
40784,SPINGRL
70747,PAS347
981,KSSMYGAS
117111,GTBEAUTY
107581,SEIZED
32928,IN2DEP
1419,FNLNTC
967,RMRDBNYC
1280,88B88B88
112024,MYTEEAG
534,JACKDNLS
428,FLPOOOO
14449,TINYWINY
463,TBI1CH
1593,SCPDHWY
594,CNK80Q3
3210,KEWLADE
1391,MD3689
1315,MELSTAXI
84071,NOWWEHEA
99883,7RTR
454,BRKMOFO
62099,MBWF083
779,UDUMBA55
1374,BADA5587
102216,GONEDARK
1167,1O1O1
59240,SVSVS2
460,00FRC
71643,ZAMILY
6441,4G8ABOUT
32660,HAL144
304,FORKQQ
1102,888SS88
1332,I11TII1I
1377,1L11L1
172,IOIXIOI
504,ORASLEX
943,LAN3GRA
94160,KVSTOY
1212,O3
503,PANTYDRP
42010,ILU
1362,GUYYYSAC
1136,UR0UT
98931,AYAANA
28964,ITSHER
23780,04HOG
99873,DOUG2000
129,BTDTF
42056,MMMMMMMM
73954,LUVUYAZ
202,0ILG
127763,SNOTTYGT
83,P90XNY
49733,BV
1202,DOUBIA
86541,EHSAAN
12755,2TOWRS
116528,TLW731
93940,ALBOT
20069,BCEAGLE
9143,BISHOPL
892,HOOKRS
1466,BLUBALZZ
1027,IOIIOI
505,L000001J
91232,3MOOKIES
111955,TRUE63SS
62675,PATANE
91027,FISHGUY4
61960,88FC18
94259,BADATTD
206,MYBONR
117494,B5BEAST
30404,HERVET2
84529,REKLSS
1534,0L1V3R
711,FORKUU
110,QISMYARS
127804,1HUGE1
280,STOPBCHN
30333,RELNTLES
1265,55SS555
130505,GT3GT3
45098,SJP288
52023,ISELLWNY
30277,2GRTSONS
767,042500HD
882,BADASV
213,AA21803
130289,SONG84
56648,ABUELA3
56486,SATCOM
494,MD86699
120100,VCIOUS
72313,QC9966
100404,MTURINO
122,OO1OO
51851,ALYXIS
56742,SHPAHLIC
96924,STXVI
759,8B8BB88B
896,CUNX2SD
64091,FACTMAVN
120623,14EP74
1180,RU18YT
154,N0TCH
103814,KG4GLR
3596,GRAMPSX4
1010,YAYO
89042,YERFEJ
651,1IJEW
335,M3MXMXM3
1337,LUC3R0
1344,FN7PIN
39258,REVJAY
71529,DUPLJAK
1023,GERMAN0
1607,NYCOURTS
41637,387PA
1054,NYCTA911
1544,HE11CAT
81055,MBGL450
801,BMFHD
120981,LITELED
646,BADASBXR
1489,GTFOOMW
131861,5COOBY
754,HA8USC
44914,INTUIT
124254,BIGNA5TY
275,ML0NGO
898,WCHYWMN
1006,RICANS
24894,LITLEBOY
40267,SURFR
152,FNTXS
695,KIDLAW
1558,BONEJOUR
50802,DEJ4VU
46624,06SICKSO
998,G370WND
127244,139RAE
129084,SCNICRT
65795,XEFX
101108,4MYLRAIN
115821,V1RUS
79982,AVBOB
1169,SCOOLBUS
37411,RNRDIE
60017,FLIP55
23024,JACKLEXI
49155,STICKLES
118,BGPMPIN
879,LOCNLOAD
1276,DTFM3
723,WANKER
59478,CULATER5
109203,BNSMAG
1321,VAS540
327,LMFAO88
288,FPEACE
5325,JSTBLVE
18029,47GW22
470,SBO1
4641,MTRHME
79879,EMS4DSC
947,URABOOB
1394,45I3
70798,CGAJ700
86564,MINISURG
77285,PLBUILD3
118707,TUNEDG37
1231,YVYVYVY
686,ONESMF
964,M1LE0
174,DBLE0H7
19969,I420
38959,BOFAN1
69658,THNXGPA
1336,PNTYDP
67208,MAPIA
871,PHCKT
128,STUGOTS5
1077,L78BEOCH
25902,FORTUNE3
26217,4JMH
669,JUSTFAP
163,V8LMAO
1599,MNKYBUT
47511,NEWFAITH
30905,ADANA01
215,III1II
500,Z7777777
508,BAADAS
62,USMCSNPR
64682,TED4EVA
84757,HMOBILE
207,TOSH1
847,BUL5HIT
67705,MPUSMC
368,007QQQ
131,5NATCH
106344,10SSLICA
124899,BBB87
397,0N3BADMF
546,UHATING
1011,FYOUU
296,Z0SOSICK
98344,MUGGY1
104136,E85GTR
1323,XTCC
1611,D3ATHBAT
79208,WGLENC4
837,RUARMED2
1554,11111I
523,SCOTBOY
73644,JUREBA
22253,DONEPUDI
1342,RMBR91I
114136,STIC4ZZI
45820,BIGDDY
85224,FSTNLOUD
73032,CRUIZ1N
6031,CLOEE
524,ONOOO
41112,WFMTN
1448,IAMYUMMI
1382,BOOZBABY
1044,OIOOIO
60926,IMHO
20843,LORARN
91529,SSFIDO
527,T11RR37C
12101,J215F7B
1567,KI55MYAZ
1378,TWRKDTAS
477,00C5
11416,VOLT4ME
97096,TOWBOATS
270,HY2HEL
189,OLDMAN0
97466,UBERGOV
119492,DIM3LO
1562,DOPEM3
93968,GT911
813,WILDBOYP
107875,CNISBLVN
65618,LNGTWR
1425,UBUTHEAD
28511,KOZROD
297,ANOYNKDZ
101677,CJEQUIP1
55504,BA63SS
106520,INDYSFJ
105131,KDS2368
64700,VRVOOOOM
67,AHOSTAGE
861,BSHWACKR
878,MYKNIPLE
41622,KIA19
2907,COMM206
127,L0C01
115064,ALSTR120
77031,OSSITO
131977,PHANTASM
33009,CADEAUX
15972,45DP57
48454,7XGRAMMY
906,USCIA
366,004NYC
127109,CEBEE
47120,TOPSIDE
623,NUTSAC
68642,399BCR
959,FNFAAST
40550,STAR1889
1042,FTBSTRD
1061,PINKPSSY
71750,NILDILA
71886,GARNT
425,SHMUNDIE
69859,BOXRMAMA
307,MPGLMAO
1299,BIERBRWR
71237,PARTPLAN
132,FIT
265,FONGOLE
38900,5MINL8
82085,BLUEBUNY
386,PUCKIT
110559,HEYYYNOW
515,HII1II
34325,RANMLHSE
1577,888B88B8
30856,DJ1956
87868,OJJRV
96216,PHYSICS5
43727,BXSCI7
113274,05NAJAH7
1467,BLKBICH
18335,28EN69
1578,NOFXGIVN
103404,DONS3
374,BAMFSS
1354,VAS1384
372,DANALGIA
1360,911VF343
977,DRUGTST
1334,LEFORT2
399,OMFGFML
469,IMSTIFF
1555,OO3372
22321,NVMYM3
42052,82VATECH
28091,IIPHBET
448,SSS5555
81637,DGKLAW
1498,3O3534
371,0PT1MIST
96087,12SOUTH
120505,DAS15A
1063,J0HN95
2959,3JBM
552,VAS60
9472,HELANNDY
1235,G0GRIZ
804,UPU55Y
76844,BC888
17347,ZW2898
5778,HR
1432,WIL69U
1213,VAGLIFE
1576,XXXXXKXX
80392,1960MGA
18789,WAAWAAAA
122151,EST4LIFE
128594,SCE2AUX
169,ILAHOE
99513,COWDVM
1549,188BB8BI
121179,KURD4EVA
49407,LOVAFAIR
787,JMBEEM
22991,TS1967
1537,SKREWYOU
180,ILUVSX
17191,3752A3
1026,B1GPP
1502,0VTAT1ME
18918,20NAVY
70301,90ZGOA
102981,AZBAY
64974,NORUB
75213,CMP7811
115900,GNRLBEAN
44111,EMIII
126249,INCHRIST
1356,T1M8NYC
670,BEYOTCHH
17132,G1TTYUP
112932,PACECAR
62569,SS3NEFE
35244,U3X
778,NYCT30PD
93516,TRYIT
24105,WICKDCJ
104265,IMDUN
229,SHAGONE
5327,1RAS
422,K888888
1279,1I71I
119027,DRASJAG
53234,INDIVANS
95687,ITOY
76393,KOBALT
69959,BYEGONS
821,ADHD
1295,OIO1010
16431,GDH
79859,TOP921
43,55OHP
81698,MHPS
64708,YAP1688
52364,S1GMA
30268,KD3TWO
1024,B8B8B
663,PMPCADDY
1445,N6UNS
1427,POTANG
768,911FXCKR
293,N1TE0WL
84855,MATEEN
79474,1TREEHL
1494,POOPBUT
80430,SLVRSTLN
237,SN0MAN
15118,OYVEI
253,R0NE
50089,BUSYA
5236,HRNYC411
52034,DRDLYL
107447,FREELECT
914,CRZYMF
96338,MOOSAR
75938,SWGLS4
1240,MFJETS
332,F0RDL0RD
634,FLTULNT1
130,M1LFHNTR
91741,JDF1933
48932,BOTJER
4220,4UWIFY
758,TW888888
1094,NOSCH1T
82351,TOCAPE
864,GETJACKD
901,LKNLOD
96721,QHEFF
259,AMITAFU
12051,GAROB
115839,RUBY
196,U1HA8TER
42375,TRIMOM
124627,SNOWPLW9
459,VAS624
52277,2NDTREYL
38873,DAFFU
330,XXXVXXX
1273,I3I7
95949,YEMILY
1357,REDRUM72
91170,RETE8
1621,PPS9MM
92919,DIETEREN
1340,CAPCOM
64518,UNIQLDY
743,B0MERZ
1072,5N0YTE
171,OSKUNT
97405,NY2013SS
411,FNFCSD
24367,UPSTATE3
21173,LISA17
1355,T406876
91321,CHEFHART
1343,FD9II
26707,TASH728
116899,EEVUHH
13535,TALK2ME1
116815,BOMPO
106139,WRNGSIDE
61054,FARMACDR
1078,XNXNXNXN
68740,HOGLFE
64475,82NOIF
20382,RISOTTO
66036,GR8WHT
30438,LADYCEM
1350,BEVRFEVR
1081,1010VAS
10167,RAGE01
299,LMVO
751,BISQUICK
770,TXI4BOYS
949,PNESS
81836,MMVIII
12765,94THG
81706,NEEQUA
321,FECKIT
128629,LNJRBA
101088,JCM8
1625,XXKXKX6
417,V0DKA1
109620,JUKY
258,QQQOQO
75145,DUBBS
16133,8Q68
1369,FAAKU
1606,KXXKXK
77568,OUTR8JUS
391,YOUBADAS
844,SHOOT1ST
46518,JTM
290,RBL65
104130,RHEAH
103598,JLY1
233,BADA55GT
645,B10HZARD
747,BCUP
32830,IESCORTU
888,L0VDMB
116,FJURSELF
432,FAKYOU
632,432IOGO
6972,MRXQZIT
870,NYHCMOFO
52931,BADMOMMA
619,LUVA55
109088,RST3
40667,BOBAMOBL
328,IMABASTR
574,CAMELTOE
106447,KPCEMSN
71985,CAS300
101027,ROVAC
1614,FNMUDDER
772,M5K1LLA
50973,GITA
117479,GLECHIK
605,DINGLBRY
1053,TPDWNBCH
1178,77PP777
63815,PD4419
89539,KATO1
9366,TSTONE1
1125,SCHWAGON
64266,YAWANNA
1306,MURDERER
734,ARMED9
904,LS1OMFG
102324,3RDLAKE
45114,SVY
1527,KULO
1565,SI0NARA
34829,SSDIESEL
1305,S1UT8US
11298,2BLVD
60761,BOBMOHR
24481,17GV40
31736,2VENOMOS
600,BAMFVETT
300,2PHARTS
127761,ACERY
76,NOMORCAK
24566,MANILOW6
65951,HAMZA786
794,CLEAR0L
1076,OHBALZ
38434,DMB2
1104,RRTARD
752,H1TMAN
1407,TEABAGS
353,NYP9K
1184,Z777Z
90150,BFDBEE
162,OO11
403,BUSTMYAS
83024,WORKAC
12264,OITSROB
105,EFFFYOU
184,BADASCRX
114733,21FR43
1543,RMFT
25051,CORVET58
98828,123NINA
103484,IAMAA
69103,SERNITY
1572,DOMIN8ME
128331,MSGEIGER
1200,MRLIQOR
42257,AIRAAVAT
1250,FBKE
64495,AUTORN
17907,EGS44
131189,HOTROD33
36968,JVB
70670,ALILEX
92297,PDD2506
123244,CWSP02
